,TRIP_MILES,TRIP_SECONDS,FARE,TIP_RATE
TRIP_MILES,1.0,0.800855332439961,0.9753444995779911,-0.049593721261970654
TRIP_SECONDS,0.800855332439961,1.0,0.8302919038136868,-0.08429387257082786
FARE,0.9753444995779911,0.8302919038136868,1.0,-0.07097918108162268
TIP_RATE,-0.049593721261970654,-0.08429387257082786,-0.07097918108162268,1.0
